<isAffiliatedTo>,188542
<playsFor>,156107
<isLocatedIn>,43746
<isConnectedTo>,26843
<hasGender>,23214
<wasBornIn>,15863
<hasWonPrize>,8905
<influences>,5400
<hasMusicalRole>,3486
<diedIn>,2580
<participatedIn>,1863
<hasCapital>,1806
<graduatedFrom>,1457
<happenedIn>,1391
<dealsWith>,1303
<actedIn>,1279
<isMarriedTo>,851
<isCitizenOf>,721
<livesIn>,677
<worksAt>,590
<hasNeighbor>,558
<hasChild>,482
<imports>,342
<created>,316
<owns>,304
<isPoliticianOf>,281
<exports>,263
<isLeaderOf>,242
<hasOfficialLanguage>,226
<wroteMusicFor>,203
<directed>,183
<edited>,104
<isInterestedIn>,103
<hasAcademicAdvisor>,102
<hasCurrency>,46
<hasWebsite>,30
<isKnownFor>,8
